{
  "final_avg_class_il": 0.26889961949476626,
  "bwt": -0.9060942591669354,
  "forgetting": {
    "0": 0.9995271867612293,
    "1": 0.9916748285994124,
    "2": 0.9418356456776947,
    "3": 0.6913393756294057,
    "4": 0.0
  },
  "task_il_per_task": {
    "0": {
      "0": 0.9995271867612293
    },
    "1": {
      "0": 0.9995271867612293,
      "1": 0.9916748285994124
    },
    "2": {
      "0": 0.9995271867612293,
      "1": 0.9892262487757101,
      "2": 0.9994663820704376
    },
    "3": {
      "0": 0.9995271867612293,
      "1": 0.9892262487757101,
      "2": 0.9978655282817502,
      "3": 1.0
    },
    "4": {
      "0": 0.9995271867612293,
      "1": 0.9872673849167483,
      "2": 0.9983991462113126,
      "3": 0.998992950654582,
      "4": 0.9873928391326273
    }
  },
  "class_il_per_task": {
    "0": {
      "0": 0.9995271867612293
    },
    "1": {
      "0": 0.024113475177304965,
      "1": 0.9916748285994124
    },
    "2": {
      "0": 0.0,
      "1": 0.2908912830558276,
      "2": 0.9973319103521878
    },
    "3": {
      "0": 0.0,
      "1": 0.08031341821743389,
      "2": 0.6328708644610459,
      "3": 0.9944612286002014
    },
    "4": {
      "0": 0.0,
      "1": 0.0,
      "2": 0.05549626467449306,
      "3": 0.3031218529707956,
      "4": 0.9858799798285426
    }
  }
}