{
  "final_avg_class_il": 0.46770534705452105,
  "bwt": -0.521678422958866,
  "forgetting": {
    "0": 0.36453900709219855,
    "1": 0.4691478942213516,
    "2": 0.656350053361793,
    "3": 0.5966767371601208,
    "4": 0.0
  },
  "task_il_per_task": {
    "0": {
      "0": 0.9990543735224586
    },
    "1": {
      "0": 0.8004728132387707,
      "1": 0.8584720861900098
    },
    "2": {
      "0": 0.9773049645390071,
      "1": 0.8183153770812929,
      "2": 0.9754535752401281
    },
    "3": {
      "0": 0.9914893617021276,
      "1": 0.8599412340842312,
      "2": 0.951974386339381,
      "3": 0.9979859013091642
    },
    "4": {
      "0": 0.9995271867612293,
      "1": 0.7884427032321254,
      "2": 0.9397011739594451,
      "3": 0.9642497482376636,
      "4": 0.9788199697428139
    }
  },
  "class_il_per_task": {
    "0": {
      "0": 0.9990543735224586
    },
    "1": {
      "0": 0.7011820330969267,
      "1": 0.6209598432908913
    },
    "2": {
      "0": 0.5234042553191489,
      "1": 0.1714005876591577,
      "2": 0.8874066168623266
    },
    "3": {
      "0": 0.6709219858156028,
      "1": 0.07541625857002938,
      "2": 0.42902881536819637,
      "3": 0.9879154078549849
    },
    "4": {
      "0": 0.6345153664302601,
      "1": 0.15181194906953965,
      "2": 0.2310565635005336,
      "3": 0.39123867069486407,
      "4": 0.929904185577408
    }
  }
}