{
  "final_avg_class_il": 0.2627366611366649,
  "bwt": -0.9056952570607224,
  "forgetting": {
    "0": 0.9995271867612293,
    "1": 0.980411361410382,
    "2": 0.9882604055496265,
    "3": 0.6545820745216515,
    "4": 0.0
  },
  "task_il_per_task": {
    "0": {
      "0": 0.9995271867612293
    },
    "1": {
      "0": 0.9995271867612293,
      "1": 0.980411361410382
    },
    "2": {
      "0": 0.9995271867612293,
      "1": 0.9764936336924583,
      "2": 0.9930629669156884
    },
    "3": {
      "0": 0.9995271867612293,
      "1": 0.9774730656219393,
      "2": 0.9925293489861259,
      "3": 0.9979859013091642
    },
    "4": {
      "0": 0.9995271867612293,
      "1": 0.9745347698334965,
      "2": 0.9818569903948773,
      "3": 0.9964753272910373,
      "4": 0.9773071104387292
    }
  },
  "class_il_per_task": {
    "0": {
      "0": 0.9995271867612293
    },
    "1": {
      "0": 0.009929078014184398,
      "1": 0.980411361410382
    },
    "2": {
      "0": 0.0,
      "1": 0.1366307541625857,
      "2": 0.9887940234791889
    },
    "3": {
      "0": 0.0,
      "1": 0.007345739471106758,
      "2": 0.48612593383137676,
      "3": 0.9959718026183283
    },
    "4": {
      "0": 0.0,
      "1": 0.0,
      "2": 0.0005336179295624333,
      "3": 0.3413897280966767,
      "4": 0.9717599596570852
    }
  }
}