{
  "final_avg_class_il": 0.20513199049930453,
  "bwt": -0.9861124113809423,
  "forgetting": {
    "0": 0.9995271867612293,
    "1": 0.9857982370225269,
    "2": 0.9983991462113126,
    "3": 0.9607250755287009,
    "4": 0.0
  },
  "task_il_per_task": {
    "0": {
      "0": 0.9995271867612293
    },
    "1": {
      "0": 0.9995271867612293,
      "1": 0.9911851126346719
    },
    "2": {
      "0": 0.9995271867612293,
      "1": 0.9833496571988247,
      "2": 0.9989327641408752
    },
    "3": {
      "0": 0.9995271867612293,
      "1": 0.9843290891283056,
      "2": 0.9930629669156884,
      "3": 0.999496475327291
    },
    "4": {
      "0": 0.9995271867612293,
      "1": 0.9892262487757101,
      "2": 0.9973319103521878,
      "3": 0.9979859013091642,
      "4": 0.9868885526979324
    }
  },
  "class_il_per_task": {
    "0": {
      "0": 0.9995271867612293
    },
    "1": {
      "0": 0.6468085106382979,
      "1": 0.9857982370225269
    },
    "2": {
      "0": 0.009456264775413711,
      "1": 0.10479921645445642,
      "2": 0.9983991462113126
    },
    "3": {
      "0": 0.0,
      "1": 0.0,
      "2": 0.04855923159018143,
      "3": 0.999496475327291
    },
    "4": {
      "0": 0.0,
      "1": 0.0,
      "2": 0.0,
      "3": 0.03877139979859013,
      "4": 0.9868885526979324
    }
  }
}