{
  "final_avg_class_il": 0.4034977279857995,
  "bwt": -0.7137481729432713,
  "forgetting": {
    "0": 0.8052009456264775,
    "1": 0.7654260528893242,
    "2": 0.6584845250800427,
    "3": 0.6258811681772407,
    "4": 0.0
  },
  "task_il_per_task": {
    "0": {
      "0": 0.9990543735224586
    },
    "1": {
      "0": 0.9990543735224586,
      "1": 0.9833496571988247
    },
    "2": {
      "0": 0.9914893617021276,
      "1": 0.9187071498530852,
      "2": 0.9893276414087513
    },
    "3": {
      "0": 0.9981087470449173,
      "1": 0.975024485798237,
      "2": 0.9647812166488794,
      "3": 0.999496475327291
    },
    "4": {
      "0": 0.9995271867612293,
      "1": 0.9373163565132223,
      "2": 0.9818569903948773,
      "3": 0.9617321248741189,
      "4": 0.9722642460917801
    }
  },
  "class_il_per_task": {
    "0": {
      "0": 0.9990543735224586
    },
    "1": {
      "0": 0.4151300236406619,
      "1": 0.9715964740450539
    },
    "2": {
      "0": 0.35650118203309694,
      "1": 0.1939275220372184,
      "2": 0.9845250800426895
    },
    "3": {
      "0": 0.17257683215130024,
      "1": 0.3844270323212537,
      "2": 0.6606189967982924,
      "3": 0.9944612286002014
    },
    "4": {
      "0": 0.1938534278959811,
      "1": 0.20617042115572967,
      "2": 0.3260405549626467,
      "3": 0.3685800604229607,
      "4": 0.9228441754916793
    }
  }
}