{
  "final_avg_class_il": 0.26310967687615855,
  "bwt": -0.9129905771305433,
  "forgetting": {
    "0": 0.9990543735224586,
    "1": 0.9897159647404505,
    "2": 0.9562433297758804,
    "3": 0.7069486404833836,
    "4": 0.0
  },
  "task_il_per_task": {
    "0": {
      "0": 0.9990543735224586
    },
    "1": {
      "0": 0.9990543735224586,
      "1": 0.9897159647404505
    },
    "2": {
      "0": 0.9990543735224586,
      "1": 0.9764936336924583,
      "2": 0.9989327641408752
    },
    "3": {
      "0": 0.9990543735224586,
      "1": 0.9813907933398629,
      "2": 0.9973319103521878,
      "3": 1.0
    },
    "4": {
      "0": 0.9990543735224586,
      "1": 0.9823702252693438,
      "2": 0.9983991462113126,
      "3": 0.9949647532729103,
      "4": 0.989409984871407
    }
  },
  "class_il_per_task": {
    "0": {
      "0": 0.9990543735224586
    },
    "1": {
      "0": 0.06052009456264775,
      "1": 0.9897159647404505
    },
    "2": {
      "0": 0.017966903073286054,
      "1": 0.13418217433888344,
      "2": 0.9983991462113126
    },
    "3": {
      "0": 0.0009456264775413711,
      "1": 0.07443682664054849,
      "2": 0.6232657417289221,
      "3": 0.9944612286002014
    },
    "4": {
      "0": 0.0,
      "1": 0.0,
      "2": 0.04215581643543223,
      "3": 0.28751258811681774,
      "4": 0.9858799798285426
    }
  }
}