{
  "final_avg_class_il": 0.41049921363168407,
  "bwt": -0.6093476832722116,
  "forgetting": {
    "0": 0.48794326241134756,
    "1": 0.6092066601371204,
    "2": 0.6403415154749199,
    "3": 0.6998992950654582,
    "4": 0.0
  },
  "task_il_per_task": {
    "0": {
      "0": 0.9990543735224586
    },
    "1": {
      "0": 0.9513002364066194,
      "1": 0.846718903036239
    },
    "2": {
      "0": 0.9687943262411347,
      "1": 0.7125367286973555,
      "2": 0.9861259338313767
    },
    "3": {
      "0": 0.9966903073286052,
      "1": 0.811949069539667,
      "2": 0.9455709711846318,
      "3": 0.9979859013091642
    },
    "4": {
      "0": 0.9971631205673759,
      "1": 0.6077375122428991,
      "2": 0.9738527214514408,
      "3": 0.9305135951661632,
      "4": 0.9863842662632375
    }
  },
  "class_il_per_task": {
    "0": {
      "0": 0.9990543735224586
    },
    "1": {
      "0": 0.25626477541371157,
      "1": 0.6513222331047992
    },
    "2": {
      "0": 0.4297872340425532,
      "1": 0.07345739471106758,
      "2": 0.9055496264674493
    },
    "3": {
      "0": 0.6359338061465721,
      "1": 0.257590597453477,
      "2": 0.31963713980789754,
      "3": 0.9853977844914401
    },
    "4": {
      "0": 0.5111111111111111,
      "1": 0.04211557296767875,
      "2": 0.26520811099252933,
      "3": 0.2854984894259819,
      "4": 0.9485627836611196
    }
  }
}