{
  "final_avg_class_il": 0.2936958336833198,
  "bwt": -0.8626476221046973,
  "forgetting": {
    "0": 0.9966903073286052,
    "1": 0.9833496571988247,
    "2": 0.9242262540021344,
    "3": 0.5463242698892246,
    "4": 0.0
  },
  "task_il_per_task": {
    "0": {
      "0": 0.9995271867612293
    },
    "1": {
      "0": 0.9990543735224586,
      "1": 0.9833496571988247
    },
    "2": {
      "0": 0.9990543735224586,
      "1": 0.9784524975514202,
      "2": 0.9967982924226254
    },
    "3": {
      "0": 0.9995271867612293,
      "1": 0.9774730656219393,
      "2": 0.9946638207043756,
      "3": 0.9959718026183283
    },
    "4": {
      "0": 0.9995271867612293,
      "1": 0.9823702252693438,
      "2": 0.996264674493063,
      "3": 0.9934541792547835,
      "4": 0.9793242561775088
    }
  },
  "class_il_per_task": {
    "0": {
      "0": 0.9995271867612293
    },
    "1": {
      "0": 0.21182033096926714,
      "1": 0.9833496571988247
    },
    "2": {
      "0": 0.04964539007092199,
      "1": 0.23849167482859943,
      "2": 0.9855923159018143
    },
    "3": {
      "0": 0.0014184397163120568,
      "1": 0.0979431929480901,
      "2": 0.5629669156883671,
      "3": 0.986404833836858
    },
    "4": {
      "0": 0.0028368794326241137,
      "1": 0.0,
      "2": 0.06136606189967983,
      "3": 0.44008056394763345,
      "4": 0.9641956631366616
    }
  }
}