{
  "final_avg_class_il": 0.29636047409971383,
  "bwt": -0.8460729208014715,
  "forgetting": {
    "0": 0.9990543735224586,
    "1": 0.9696376101860921,
    "2": 0.8159018143009605,
    "3": 0.5996978851963746,
    "4": 0.0
  },
  "task_il_per_task": {
    "0": {
      "0": 0.9995271867612293
    },
    "1": {
      "0": 0.9995271867612293,
      "1": 0.9735553379040157
    },
    "2": {
      "0": 0.9995271867612293,
      "1": 0.9745347698334965,
      "2": 0.9871931696905016
    },
    "3": {
      "0": 0.9995271867612293,
      "1": 0.9691478942213516,
      "2": 0.9882604055496265,
      "3": 0.9964753272910373
    },
    "4": {
      "0": 0.9995271867612293,
      "1": 0.9784524975514202,
      "2": 0.9866595517609391,
      "3": 0.9949647532729103,
      "4": 0.9762985375693394
    }
  },
  "class_il_per_task": {
    "0": {
      "0": 0.9995271867612293
    },
    "1": {
      "0": 0.007565011820330969,
      "1": 0.9735553379040157
    },
    "2": {
      "0": 0.0,
      "1": 0.1523016650342801,
      "2": 0.9791889007470651
    },
    "3": {
      "0": 0.0,
      "1": 0.08521057786483839,
      "2": 0.7294557097118464,
      "3": 0.9632426988922457
    },
    "4": {
      "0": 0.00047281323877068556,
      "1": 0.0039177277179236044,
      "2": 0.1632870864461046,
      "3": 0.3635448136958711,
      "4": 0.9505799293998991
    }
  }
}