{
  "final_avg_class_il": 0.37936335352681533,
  "bwt": -0.687695592293466,
  "forgetting": {
    "0": 0.9002364066193853,
    "1": 0.604309500489716,
    "2": 0.7145144076840981,
    "3": 0.5317220543806647,
    "4": 0.0
  },
  "task_il_per_task": {
    "0": {
      "0": 0.9971631205673759
    },
    "1": {
      "0": 0.8141843971631205,
      "1": 0.941234084231146
    },
    "2": {
      "0": 0.9735224586288416,
      "1": 0.954456415279138,
      "2": 0.9957310565635006
    },
    "3": {
      "0": 0.9839243498817967,
      "1": 0.7605288932419196,
      "2": 0.9733191035218783,
      "3": 0.9974823766364552
    },
    "4": {
      "0": 0.9777777777777777,
      "1": 0.8325171400587659,
      "2": 0.9802561366061899,
      "3": 0.9642497482376636,
      "4": 0.9742813918305597
    }
  },
  "class_il_per_task": {
    "0": {
      "0": 0.9971631205673759
    },
    "1": {
      "0": 0.2619385342789598,
      "1": 0.7845249755142018
    },
    "2": {
      "0": 0.43120567375886526,
      "1": 0.28844270323212534,
      "2": 0.9727854855923159
    },
    "3": {
      "0": 0.49976359338061466,
      "1": 0.2732615083251714,
      "2": 0.6574172892209178,
      "3": 0.9773413897280967
    },
    "4": {
      "0": 0.09692671394799054,
      "1": 0.1802154750244858,
      "2": 0.25827107790821774,
      "3": 0.44561933534743203,
      "4": 0.9157841654059505
    }
  }
}