{
  "final_avg_class_il": 0.296247881124465,
  "bwt": -0.8623912198613716,
  "forgetting": {
    "0": 0.9990543735224586,
    "1": 0.9853085210577864,
    "2": 0.8383137673425827,
    "3": 0.6268882175226587,
    "4": 0.0
  },
  "task_il_per_task": {
    "0": {
      "0": 0.9990543735224586
    },
    "1": {
      "0": 0.9990543735224586,
      "1": 0.9882468168462292
    },
    "2": {
      "0": 0.9929078014184397,
      "1": 0.9666993143976493,
      "2": 0.9935965848452508
    },
    "3": {
      "0": 0.9976359338061466,
      "1": 0.9853085210577864,
      "2": 0.971718249733191,
      "3": 0.999496475327291
    },
    "4": {
      "0": 0.9995271867612293,
      "1": 0.9598432908912831,
      "2": 0.9813233724653149,
      "3": 0.9959718026183283,
      "4": 0.9793242561775088
    }
  },
  "class_il_per_task": {
    "0": {
      "0": 0.9990543735224586
    },
    "1": {
      "0": 0.06004728132387707,
      "1": 0.9882468168462292
    },
    "2": {
      "0": 0.04539007092198582,
      "1": 0.17972575905974536,
      "2": 0.9903948772678762
    },
    "3": {
      "0": 0.003309692671394799,
      "1": 0.15426052889324193,
      "2": 0.5528281750266809,
      "3": 0.9954682779456193
    },
    "4": {
      "0": 0.0,
      "1": 0.002938295788442703,
      "2": 0.1520811099252935,
      "3": 0.3685800604229607,
      "4": 0.9576399394856279
    }
  }
}