{
  "final_avg_class_il": 0.3625254092660891,
  "bwt": -0.7833195058373672,
  "forgetting": {
    "0": 0.9484633569739953,
    "1": 0.8359451518119492,
    "2": 0.7844183564567769,
    "3": 0.5644511581067473,
    "4": 0.0
  },
  "task_il_per_task": {
    "0": {
      "0": 0.9990543735224586
    },
    "1": {
      "0": 0.9990543735224586,
      "1": 0.9877571008814887
    },
    "2": {
      "0": 0.9976359338061466,
      "1": 0.9818805093046034,
      "2": 0.996264674493063
    },
    "3": {
      "0": 0.9990543735224586,
      "1": 0.984818805093046,
      "2": 0.9951974386339381,
      "3": 0.999496475327291
    },
    "4": {
      "0": 0.9995271867612293,
      "1": 0.9789422135161606,
      "2": 0.9951974386339381,
      "3": 0.9909365558912386,
      "4": 0.9919314170448815
    }
  },
  "class_il_per_task": {
    "0": {
      "0": 0.9990543735224586
    },
    "1": {
      "0": 0.49645390070921985,
      "1": 0.9843290891283056
    },
    "2": {
      "0": 0.3801418439716312,
      "1": 0.35798237022526935,
      "2": 0.987726787620064
    },
    "3": {
      "0": 0.017966903073286054,
      "1": 0.3099902056807052,
      "2": 0.6814300960512273,
      "3": 0.9939577039274925
    },
    "4": {
      "0": 0.050591016548463354,
      "1": 0.14838393731635652,
      "2": 0.2033084311632871,
      "3": 0.4295065458207452,
      "4": 0.9808371154815936
    }
  }
}