{
  "final_avg_class_il": 0.1664935943434602,
  "bwt": -0.8114493735665178,
  "forgetting": {
    "0": 0.9995271867612293,
    "1": 0.8354554358472086,
    "2": 0.7310565635005336,
    "3": 0.6797583081570997,
    "4": 0.0
  },
  "task_il_per_task": {
    "0": {
      "0": 0.9995271867612293
    },
    "1": {
      "0": 0.9995271867612293,
      "1": 0.8354554358472086
    },
    "2": {
      "0": 0.9995271867612293,
      "1": 0.7855044074436827,
      "2": 0.7310565635005336
    },
    "3": {
      "0": 0.9995271867612293,
      "1": 0.7615083251714005,
      "2": 0.7753468516542156,
      "3": 0.7532729103726082
    },
    "4": {
      "0": 0.9995271867612293,
      "1": 0.8227228207639569,
      "2": 0.7273212379935966,
      "3": 0.7854984894259819,
      "4": 0.789208270297529
    }
  },
  "class_il_per_task": {
    "0": {
      "0": 0.9995271867612293
    },
    "1": {
      "0": 0.0,
      "1": 0.8354554358472086
    },
    "2": {
      "0": 0.0,
      "1": 0.0,
      "2": 0.7310565635005336
    },
    "3": {
      "0": 0.0,
      "1": 0.0,
      "2": 0.03628601921024546,
      "3": 0.7517623363544814
    },
    "4": {
      "0": 0.0,
      "1": 0.0,
      "2": 0.0,
      "3": 0.07200402819738168,
      "4": 0.7604639435199193
    }
  }
}