{
  "final_avg_class_il": 0.37297756209096883,
  "bwt": -0.64682252350747,
  "forgetting": {
    "0": 0.7796690307328605,
    "1": 0.6620959843290891,
    "2": 0.6072572038420492,
    "3": 0.5382678751258811,
    "4": 0.0
  },
  "task_il_per_task": {
    "0": {
      "0": 0.9990543735224586
    },
    "1": {
      "0": 0.9843971631205674,
      "1": 0.9221351616062684
    },
    "2": {
      "0": 0.9914893617021276,
      "1": 0.8408423114593536,
      "2": 0.8980789754535753
    },
    "3": {
      "0": 0.9952718676122931,
      "1": 0.9113614103819785,
      "2": 0.8676627534685165,
      "3": 0.9974823766364552
    },
    "4": {
      "0": 0.9971631205673759,
      "1": 0.7331047992164544,
      "2": 0.8159018143009605,
      "3": 0.891742195367573,
      "4": 0.9828542612203732
    }
  },
  "class_il_per_task": {
    "0": {
      "0": 0.9990543735224586
    },
    "1": {
      "0": 0.24397163120567375,
      "1": 0.7551420176297747
    },
    "2": {
      "0": 0.6756501182033097,
      "1": 0.24191968658178256,
      "2": 0.7710779082177162
    },
    "3": {
      "0": 0.5404255319148936,
      "1": 0.3143976493633692,
      "2": 0.3591248665955176,
      "3": 0.9833836858006042
    },
    "4": {
      "0": 0.21938534278959812,
      "1": 0.0930460333006856,
      "2": 0.163820704375667,
      "3": 0.44511581067472306,
      "4": 0.9435199193141705
    }
  }
}