{
  "final_avg_class_il": 0.27472701408782074,
  "bwt": -0.8986906582304315,
  "forgetting": {
    "0": 0.9995271867612293,
    "1": 0.990205680705191,
    "2": 0.9338313767342583,
    "3": 0.6711983887210473,
    "4": 0.0
  },
  "task_il_per_task": {
    "0": {
      "0": 0.9995271867612293
    },
    "1": {
      "0": 0.9995271867612293,
      "1": 0.9906953966699314
    },
    "2": {
      "0": 0.9995271867612293,
      "1": 0.9809010773751224,
      "2": 0.9989327641408752
    },
    "3": {
      "0": 0.9995271867612293,
      "1": 0.984818805093046,
      "2": 0.9989327641408752,
      "3": 0.999496475327291
    },
    "4": {
      "0": 0.9995271867612293,
      "1": 0.9833496571988247,
      "2": 0.996264674493063,
      "3": 0.9979859013091642,
      "4": 0.9899142713061019
    }
  },
  "class_il_per_task": {
    "0": {
      "0": 0.9995271867612293
    },
    "1": {
      "0": 0.0,
      "1": 0.9906953966699314
    },
    "2": {
      "0": 0.0,
      "1": 0.22918707149853085,
      "2": 0.9973319103521878
    },
    "3": {
      "0": 0.0,
      "1": 0.10871694417238002,
      "2": 0.628068303094984,
      "3": 0.9959718026183283
    },
    "4": {
      "0": 0.0,
      "1": 0.0004897159647404506,
      "2": 0.06350053361792957,
      "3": 0.324773413897281,
      "4": 0.9848714069591528
    }
  }
}