{
  "final_avg_class_il": 0.30137458872706463,
  "bwt": -0.8471105995539273,
  "forgetting": {
    "0": 0.9929078014184397,
    "1": 0.9745347698334965,
    "2": 0.759871931696905,
    "3": 0.6611278952668681,
    "4": 0.0
  },
  "task_il_per_task": {
    "0": {
      "0": 0.9995271867612293
    },
    "1": {
      "0": 0.9990543735224586,
      "1": 0.984818805093046
    },
    "2": {
      "0": 0.9990543735224586,
      "1": 0.9681684622918707,
      "2": 0.9930629669156884
    },
    "3": {
      "0": 0.9990543735224586,
      "1": 0.9838393731635652,
      "2": 0.9535752401280683,
      "3": 0.998992950654582
    },
    "4": {
      "0": 0.9995271867612293,
      "1": 0.9569049951028403,
      "2": 0.9781216648879403,
      "3": 0.9335347432024169,
      "4": 0.9803328290468987
    }
  },
  "class_il_per_task": {
    "0": {
      "0": 0.9995271867612293
    },
    "1": {
      "0": 0.0014184397163120568,
      "1": 0.984818805093046
    },
    "2": {
      "0": 0.028368794326241134,
      "1": 0.15817825661116552,
      "2": 0.9855923159018143
    },
    "3": {
      "0": 0.005200945626477541,
      "1": 0.14887365328109697,
      "2": 0.6403415154749199,
      "3": 0.9924471299093656
    },
    "4": {
      "0": 0.006619385342789598,
      "1": 0.01028403525954946,
      "2": 0.22572038420490928,
      "3": 0.33131923464249746,
      "4": 0.9329299041855774
    }
  }
}