{
  "final_avg_class_il": 0.4581879408333833,
  "bwt": -0.6459010099516237,
  "forgetting": {
    "0": 0.7995271867612292,
    "1": 0.6895200783545544,
    "2": 0.6141942369263607,
    "3": 0.48036253776435045,
    "4": 0.0
  },
  "task_il_per_task": {
    "0": {
      "0": 0.9990543735224586
    },
    "1": {
      "0": 0.9990543735224586,
      "1": 0.9833496571988247
    },
    "2": {
      "0": 0.984869976359338,
      "1": 0.9500489715964741,
      "2": 0.9871931696905016
    },
    "3": {
      "0": 0.9981087470449173,
      "1": 0.9764936336924583,
      "2": 0.9252934898612594,
      "3": 0.998992950654582
    },
    "4": {
      "0": 0.9995271867612293,
      "1": 0.9476003917727718,
      "2": 0.9701173959445037,
      "3": 0.9879154078549849,
      "4": 0.9843671205244579
    }
  },
  "class_il_per_task": {
    "0": {
      "0": 0.9990543735224586
    },
    "1": {
      "0": 0.4652482269503546,
      "1": 0.9735553379040157
    },
    "2": {
      "0": 0.300709219858156,
      "1": 0.222820763956905,
      "2": 0.9770544290288153
    },
    "3": {
      "0": 0.30638297872340425,
      "1": 0.5181194906953966,
      "2": 0.7123799359658485,
      "3": 0.9879154078549849
    },
    "4": {
      "0": 0.19952718676122932,
      "1": 0.2840352595494613,
      "2": 0.3628601921024546,
      "3": 0.5075528700906344,
      "4": 0.9369641956631367
    }
  }
}