{
  "final_avg_class_il": 0.4775855699907595,
  "bwt": -0.5265510832099533,
  "forgetting": {
    "0": 0.4250591016548463,
    "1": 0.5675808031341822,
    "2": 0.6387406616862327,
    "3": 0.47482376636455187,
    "4": 0.0
  },
  "task_il_per_task": {
    "0": {
      "0": 0.9990543735224586
    },
    "1": {
      "0": 0.9843971631205674,
      "1": 0.940254652301665
    },
    "2": {
      "0": 0.9952718676122931,
      "1": 0.8041136141038198,
      "2": 0.9909284951974386
    },
    "3": {
      "0": 0.9962174940898345,
      "1": 0.9343780607247796,
      "2": 0.9578441835645678,
      "3": 0.9924471299093656
    },
    "4": {
      "0": 0.9976359338061466,
      "1": 0.816356513222331,
      "2": 0.9818569903948773,
      "3": 0.8635448136958711,
      "4": 0.9838628340897629
    }
  },
  "class_il_per_task": {
    "0": {
      "0": 0.9990543735224586
    },
    "1": {
      "0": 0.3375886524822695,
      "1": 0.6660137120470128
    },
    "2": {
      "0": 0.6557919621749408,
      "1": 0.20568070519098922,
      "2": 0.9530416221985059
    },
    "3": {
      "0": 0.541371158392435,
      "1": 0.3653281096963761,
      "2": 0.3911419423692636,
      "3": 0.9491440080563948
    },
    "4": {
      "0": 0.5739952718676123,
      "1": 0.09843290891283056,
      "2": 0.3143009605122732,
      "3": 0.4743202416918429,
      "4": 0.9268784669692385
    }
  }
}