{
  "final_avg_class_il": 0.3904014711749307,
  "bwt": -0.7290697537895459,
  "forgetting": {
    "0": 0.7867612293144208,
    "1": 0.7859941234084231,
    "2": 0.868196371398079,
    "3": 0.4753272910372608,
    "4": 0.0
  },
  "task_il_per_task": {
    "0": {
      "0": 0.9962174940898345
    },
    "1": {
      "0": 0.9914893617021276,
      "1": 0.9809010773751224
    },
    "2": {
      "0": 0.9891252955082742,
      "1": 0.970617042115573,
      "2": 0.991462113127001
    },
    "3": {
      "0": 0.9858156028368794,
      "1": 0.9764936336924583,
      "2": 0.9653148345784418,
      "3": 0.998992950654582
    },
    "4": {
      "0": 0.9919621749408983,
      "1": 0.9666993143976493,
      "2": 0.9786552828175027,
      "3": 0.9949647532729103,
      "4": 0.9929399899142713
    }
  },
  "class_il_per_task": {
    "0": {
      "0": 0.9962174940898345
    },
    "1": {
      "0": 0.7825059101654847,
      "1": 0.920666013712047
    },
    "2": {
      "0": 0.6,
      "1": 0.2933398628795299,
      "2": 0.9781216648879403
    },
    "3": {
      "0": 0.30354609929078014,
      "1": 0.257590597453477,
      "2": 0.5741728922091782,
      "3": 0.9944612286002014
    },
    "4": {
      "0": 0.2094562647754137,
      "1": 0.1346718903036239,
      "2": 0.10992529348986126,
      "3": 0.5191339375629406,
      "4": 0.9788199697428139
    }
  }
}