{
  "final_avg_class_il": 0.4546038929017159,
  "bwt": -0.5700524963565718,
  "forgetting": {
    "0": 0.3654846335697399,
    "1": 0.6273261508325171,
    "2": 0.7390608324439701,
    "3": 0.5483383685800605,
    "4": 0.0
  },
  "task_il_per_task": {
    "0": {
      "0": 0.9990543735224586
    },
    "1": {
      "0": 0.9895981087470449,
      "1": 0.921645445641528
    },
    "2": {
      "0": 0.9971631205673759,
      "1": 0.8325171400587659,
      "2": 0.9871931696905016
    },
    "3": {
      "0": 0.9971631205673759,
      "1": 0.9000979431929481,
      "2": 0.9178228388473852,
      "3": 0.998992950654582
    },
    "4": {
      "0": 0.9990543735224586,
      "1": 0.7825661116552399,
      "2": 0.9258271077908218,
      "3": 0.9622356495468278,
      "4": 0.9652042360060514
    }
  },
  "class_il_per_task": {
    "0": {
      "0": 0.9990543735224586
    },
    "1": {
      "0": 0.41418439716312055,
      "1": 0.7208619000979432
    },
    "2": {
      "0": 0.6326241134751773,
      "1": 0.32223310479921646,
      "2": 0.9487726787620064
    },
    "3": {
      "0": 0.6553191489361702,
      "1": 0.15377081292850148,
      "2": 0.62059765208111,
      "3": 0.9853977844914401
    },
    "4": {
      "0": 0.6335697399527187,
      "1": 0.09353574926542606,
      "2": 0.2097118463180363,
      "3": 0.43705941591137965,
      "4": 0.8991427130610187
    }
  }
}