{
  "final_avg_class_il": 0.25717897099118225,
  "bwt": -0.9056492308634467,
  "forgetting": {
    "0": 0.9929078014184397,
    "1": 0.926052889324192,
    "2": 0.9055496264674493,
    "3": 0.798086606243706,
    "4": 0.0
  },
  "task_il_per_task": {
    "0": {
      "0": 0.9990543735224586
    },
    "1": {
      "0": 0.9990543735224586,
      "1": 0.9877571008814887
    },
    "2": {
      "0": 0.9990543735224586,
      "1": 0.9774730656219393,
      "2": 0.9983991462113126
    },
    "3": {
      "0": 0.9990543735224586,
      "1": 0.9769833496571988,
      "2": 0.9989327641408752,
      "3": 0.999496475327291
    },
    "4": {
      "0": 0.9990543735224586,
      "1": 0.9730656219392753,
      "2": 0.9967982924226254,
      "3": 0.9979859013091642,
      "4": 0.988905698436712
    }
  },
  "class_il_per_task": {
    "0": {
      "0": 0.9990543735224586
    },
    "1": {
      "0": 0.7692671394799054,
      "1": 0.9427032321253673
    },
    "2": {
      "0": 0.3262411347517731,
      "1": 0.2859941234084231,
      "2": 0.9909284951974386
    },
    "3": {
      "0": 0.10543735224586288,
      "1": 0.19980411361410383,
      "2": 0.5133404482390609,
      "3": 0.9924471299093656
    },
    "4": {
      "0": 0.006146572104018913,
      "1": 0.01665034280117532,
      "2": 0.08537886872998933,
      "3": 0.19436052366565962,
      "4": 0.983358547655068
    }
  }
}