{
  "final_avg_class_il": 0.35329349574017666,
  "bwt": -0.7891747472099087,
  "forgetting": {
    "0": 0.9947990543735225,
    "1": 0.9559255631733594,
    "2": 0.6702241195304162,
    "3": 0.5357502517623364,
    "4": 0.0
  },
  "task_il_per_task": {
    "0": {
      "0": 0.9990543735224586
    },
    "1": {
      "0": 0.9990543735224586,
      "1": 0.9906953966699314
    },
    "2": {
      "0": 0.9990543735224586,
      "1": 0.9887365328109696,
      "2": 0.996264674493063
    },
    "3": {
      "0": 0.9990543735224586,
      "1": 0.9872673849167483,
      "2": 0.9973319103521878,
      "3": 0.9979859013091642
    },
    "4": {
      "0": 0.9990543735224586,
      "1": 0.9872673849167483,
      "2": 0.9946638207043756,
      "3": 0.9949647532729103,
      "4": 0.9848714069591528
    }
  },
  "class_il_per_task": {
    "0": {
      "0": 0.9990543735224586
    },
    "1": {
      "0": 0.28841607565011823,
      "1": 0.9882468168462292
    },
    "2": {
      "0": 0.07659574468085106,
      "1": 0.35063663075416257,
      "2": 0.9887940234791889
    },
    "3": {
      "0": 0.009456264775413711,
      "1": 0.23604309500489715,
      "2": 0.7737459978655283,
      "3": 0.9859013091641491
    },
    "4": {
      "0": 0.00425531914893617,
      "1": 0.03232125367286973,
      "2": 0.31856990394877266,
      "3": 0.4501510574018127,
      "4": 0.9611699445284921
    }
  }
}