{
  "final_avg_class_il": 0.45278688939067224,
  "bwt": -0.6074255886998211,
  "forgetting": {
    "0": 0.791016548463357,
    "1": 0.7595494613124387,
    "2": 0.580042689434365,
    "3": 0.29909365558912393,
    "4": 0.0
  },
  "task_il_per_task": {
    "0": {
      "0": 0.9990543735224586
    },
    "1": {
      "0": 0.9976359338061466,
      "1": 0.9289911851126347
    },
    "2": {
      "0": 0.9962174940898345,
      "1": 0.8545543584720862,
      "2": 0.9583778014941302
    },
    "3": {
      "0": 0.9971631205673759,
      "1": 0.8834476003917727,
      "2": 0.8671291355389541,
      "3": 0.998992950654582
    },
    "4": {
      "0": 0.9981087470449173,
      "1": 0.732615083251714,
      "2": 0.928495197438634,
      "3": 0.9944612286002014,
      "4": 0.988905698436712
    }
  },
  "class_il_per_task": {
    "0": {
      "0": 0.9990543735224586
    },
    "1": {
      "0": 0.3442080378250591,
      "1": 0.866307541625857
    },
    "2": {
      "0": 0.6978723404255319,
      "1": 0.3682664054848188,
      "2": 0.8938100320170758
    },
    "3": {
      "0": 0.24302600472813238,
      "1": 0.33986287952987265,
      "2": 0.6579509071504802,
      "3": 0.9853977844914401
    },
    "4": {
      "0": 0.20803782505910165,
      "1": 0.10675808031341821,
      "2": 0.3137673425827108,
      "3": 0.6863041289023162,
      "4": 0.9490670700958144
    }
  }
}