{
  "final_avg_class_il": 0.1901,
  "bwt": -0.871375,
  "forgetting": {
    "0": 0.926,
    "1": 0.8400000000000001,
    "2": 0.8175,
    "3": 0.902,
    "4": 0.0
  },
  "task_il_per_task": {
    "0": {
      "0": 0.9315
    },
    "1": {
      "0": 0.7635,
      "1": 0.847
    },
    "2": {
      "0": 0.8105,
      "1": 0.822,
      "2": 0.833
    },
    "3": {
      "0": 0.851,
      "1": 0.8045,
      "2": 0.673,
      "3": 0.9315
    },
    "4": {
      "0": 0.9455,
      "1": 0.798,
      "2": 0.6095,
      "3": 0.7865,
      "4": 0.906
    }
  },
  "class_il_per_task": {
    "0": {
      "0": 0.9315
    },
    "1": {
      "0": 0.053,
      "1": 0.8415
    },
    "2": {
      "0": 0.005,
      "1": 0.012,
      "2": 0.833
    },
    "3": {
      "0": 0.022,
      "1": 0.0085,
      "2": 0.0315,
      "3": 0.9305
    },
    "4": {
      "0": 0.0055,
      "1": 0.0015,
      "2": 0.0155,
      "3": 0.0285,
      "4": 0.8995
    }
  }
}