{
  "final_avg_class_il": 0.4358207201395848,
  "bwt": -0.5744698886003694,
  "forgetting": {
    "0": 0.38534278959810875,
    "1": 0.5729676787463271,
    "2": 0.7177161152614728,
    "3": 0.6218529707955689,
    "4": 0.0
  },
  "task_il_per_task": {
    "0": {
      "0": 0.9990543735224586
    },
    "1": {
      "0": 0.9796690307328605,
      "1": 0.9387855044074437
    },
    "2": {
      "0": 0.9929078014184397,
      "1": 0.8408423114593536,
      "2": 0.9695837780149413
    },
    "3": {
      "0": 0.9943262411347518,
      "1": 0.8574926542605289,
      "2": 0.8810032017075774,
      "3": 0.9934541792547835
    },
    "4": {
      "0": 0.9981087470449173,
      "1": 0.82615083251714,
      "2": 0.964247598719317,
      "3": 0.8887210473313192,
      "4": 0.9803328290468987
    }
  },
  "class_il_per_task": {
    "0": {
      "0": 0.9990543735224586
    },
    "1": {
      "0": 0.3044917257683215,
      "1": 0.7198824681684622
    },
    "2": {
      "0": 0.8567375886524823,
      "1": 0.19343780607247796,
      "2": 0.8628601921024547
    },
    "3": {
      "0": 0.5366430260047281,
      "1": 0.2566111655239961,
      "2": 0.24813233724653147,
      "3": 0.9486404833836858
    },
    "4": {
      "0": 0.6137115839243499,
      "1": 0.14691478942213515,
      "2": 0.14514407684098185,
      "3": 0.32678751258811684,
      "4": 0.9465456379223399
    }
  }
}