{
  "final_avg_class_il": 0.3331824471146543,
  "bwt": -0.8055218720581843,
  "forgetting": {
    "0": 0.9971631205673759,
    "1": 0.9333986287952988,
    "2": 0.7497331910352187,
    "3": 0.5417925478348439,
    "4": 0.0
  },
  "task_il_per_task": {
    "0": {
      "0": 0.9995271867612293
    },
    "1": {
      "0": 0.9995271867612293,
      "1": 0.9897159647404505
    },
    "2": {
      "0": 0.9995271867612293,
      "1": 0.9882468168462292,
      "2": 0.9957310565635006
    },
    "3": {
      "0": 0.9995271867612293,
      "1": 0.9838393731635652,
      "2": 0.987726787620064,
      "3": 0.9974823766364552
    },
    "4": {
      "0": 0.9995271867612293,
      "1": 0.9887365328109696,
      "2": 0.9909284951974386,
      "3": 0.9924471299093656,
      "4": 0.9853756933938477
    }
  },
  "class_il_per_task": {
    "0": {
      "0": 0.9995271867612293
    },
    "1": {
      "0": 0.3517730496453901,
      "1": 0.9828599412340843
    },
    "2": {
      "0": 0.2491725768321513,
      "1": 0.34231145935357493,
      "2": 0.9791889007470651
    },
    "3": {
      "0": 0.06099290780141844,
      "1": 0.23800195886385897,
      "2": 0.7545357524012807,
      "3": 0.9672708962739174
    },
    "4": {
      "0": 0.002364066193853428,
      "1": 0.0494613124387855,
      "2": 0.2294557097118463,
      "3": 0.4254783484390735,
      "4": 0.9591527987897126
    }
  }
}