{
  "final_avg_class_il": 0.27030000000000004,
  "bwt": -0.818875,
  "forgetting": {
    "0": 0.965,
    "1": 0.852,
    "2": 0.8935000000000001,
    "3": 0.565,
    "4": 0.0
  },
  "task_il_per_task": {
    "0": {
      "0": 0.966
    },
    "1": {
      "0": 0.958,
      "1": 0.853
    },
    "2": {
      "0": 0.953,
      "1": 0.8355,
      "2": 0.912
    },
    "3": {
      "0": 0.9435,
      "1": 0.8435,
      "2": 0.9085,
      "3": 0.9715
    },
    "4": {
      "0": 0.9585,
      "1": 0.828,
      "2": 0.903,
      "3": 0.9645,
      "4": 0.9395
    }
  },
  "class_il_per_task": {
    "0": {
      "0": 0.966
    },
    "1": {
      "0": 0.0685,
      "1": 0.852
    },
    "2": {
      "0": 0.0405,
      "1": 0.051,
      "2": 0.909
    },
    "3": {
      "0": 0.0335,
      "1": 0.005,
      "2": 0.131,
      "3": 0.968
    },
    "4": {
      "0": 0.001,
      "1": 0.0,
      "2": 0.0155,
      "3": 0.403,
      "4": 0.932
    }
  }
}