{
  "final_avg_class_il": 0.4251307918743046,
  "bwt": -0.6255290013293466,
  "forgetting": {
    "0": 0.6052009456264775,
    "1": 0.6743388834476004,
    "2": 0.5538954108858059,
    "3": 0.6686807653575025,
    "4": 0.0
  },
  "task_il_per_task": {
    "0": {
      "0": 0.9990543735224586
    },
    "1": {
      "0": 0.9825059101654846,
      "1": 0.9378060724779628
    },
    "2": {
      "0": 0.9862884160756501,
      "1": 0.8589618021547503,
      "2": 0.9567769477054429
    },
    "3": {
      "0": 0.9957446808510638,
      "1": 0.9187071498530852,
      "2": 0.880469583778015,
      "3": 0.9984894259818731
    },
    "4": {
      "0": 0.9976359338061466,
      "1": 0.816356513222331,
      "2": 0.9455709711846318,
      "3": 0.9546827794561934,
      "4": 0.9773071104387292
    }
  },
  "class_il_per_task": {
    "0": {
      "0": 0.9990543735224586
    },
    "1": {
      "0": 0.275177304964539,
      "1": 0.8550440744368266
    },
    "2": {
      "0": 0.39527186761229316,
      "1": 0.14642507345739472,
      "2": 0.8543223052294557
    },
    "3": {
      "0": 0.5470449172576832,
      "1": 0.2933398628795299,
      "2": 0.4813233724653148,
      "3": 0.9768378650553877
    },
    "4": {
      "0": 0.3938534278959811,
      "1": 0.18070519098922624,
      "2": 0.30042689434364994,
      "3": 0.3081570996978852,
      "4": 0.9425113464447806
    }
  }
}