{
  "final_avg_class_il": 0.40832511666376836,
  "bwt": -0.6085515144801534,
  "forgetting": {
    "0": 0.41323877068557924,
    "1": 0.7091087169441723,
    "2": 0.5656350053361794,
    "3": 0.7462235649546828,
    "4": 0.0
  },
  "task_il_per_task": {
    "0": {
      "0": 0.9990543735224586
    },
    "1": {
      "0": 0.9891252955082742,
      "1": 0.9520078354554359
    },
    "2": {
      "0": 0.9810874704491725,
      "1": 0.7855044074436827,
      "2": 0.916221985058698
    },
    "3": {
      "0": 0.9962174940898345,
      "1": 0.9505386875612145,
      "2": 0.8335112059765208,
      "3": 0.9979859013091642
    },
    "4": {
      "0": 0.9929078014184397,
      "1": 0.8330068560235063,
      "2": 0.7796157950907151,
      "3": 0.9259818731117825,
      "4": 0.9687342410489158
    }
  },
  "class_il_per_task": {
    "0": {
      "0": 0.9990543735224586
    },
    "1": {
      "0": 0.3309692671394799,
      "1": 0.8863858961802155
    },
    "2": {
      "0": 0.3938534278959811,
      "1": 0.34965719882468166,
      "2": 0.7123799359658485
    },
    "3": {
      "0": 0.7446808510638298,
      "1": 0.32615083251714005,
      "2": 0.37246531483457845,
      "3": 0.9677744209466264
    },
    "4": {
      "0": 0.5858156028368794,
      "1": 0.1772771792360431,
      "2": 0.14674493062966915,
      "3": 0.2215508559919436,
      "4": 0.9102370146243066
    }
  }
}