{
  "final_avg_class_il": 0.1852,
  "bwt": -0.8692500000000001,
  "forgetting": {
    "0": 0.9665,
    "1": 0.845,
    "2": 0.7675000000000001,
    "3": 0.898,
    "4": 0.0
  },
  "task_il_per_task": {
    "0": {
      "0": 0.9725
    },
    "1": {
      "0": 0.9505,
      "1": 0.8485
    },
    "2": {
      "0": 0.9625,
      "1": 0.804,
      "2": 0.772
    },
    "3": {
      "0": 0.959,
      "1": 0.8205,
      "2": 0.7035,
      "3": 0.9275
    },
    "4": {
      "0": 0.939,
      "1": 0.8325,
      "2": 0.592,
      "3": 0.8405,
      "4": 0.8895
    }
  },
  "class_il_per_task": {
    "0": {
      "0": 0.9725
    },
    "1": {
      "0": 0.144,
      "1": 0.845
    },
    "2": {
      "0": 0.019,
      "1": 0.002,
      "2": 0.772
    },
    "3": {
      "0": 0.048,
      "1": 0.004,
      "2": 0.0285,
      "3": 0.9275
    },
    "4": {
      "0": 0.006,
      "1": 0.0,
      "2": 0.0045,
      "3": 0.0295,
      "4": 0.886
    }
  }
}