{
  "final_avg_class_il": 0.49956664836874476,
  "bwt": -0.5359151252001907,
  "forgetting": {
    "0": 0.5650118203309693,
    "1": 0.5288932419196866,
    "2": 0.6947705442902881,
    "3": 0.3549848942598187,
    "4": 0.0
  },
  "task_il_per_task": {
    "0": {
      "0": 0.9990543735224586
    },
    "1": {
      "0": 0.9976359338061466,
      "1": 0.9260528893241919
    },
    "2": {
      "0": 0.9976359338061466,
      "1": 0.7796278158667973,
      "2": 0.9887940234791889
    },
    "3": {
      "0": 0.9990543735224586,
      "1": 0.8996082272282077,
      "2": 0.9124866595517609,
      "3": 0.998992950654582
    },
    "4": {
      "0": 0.9990543735224586,
      "1": 0.8623898139079333,
      "2": 0.9413020277481323,
      "3": 0.9748237663645518,
      "4": 0.9828542612203732
    }
  },
  "class_il_per_task": {
    "0": {
      "0": 0.9990543735224586
    },
    "1": {
      "0": 0.5238770685579196,
      "1": 0.7874632713026445
    },
    "2": {
      "0": 0.6737588652482269,
      "1": 0.3633692458374143,
      "2": 0.9391675560298826
    },
    "3": {
      "0": 0.4269503546099291,
      "1": 0.40107737512242897,
      "2": 0.5848452508004269,
      "3": 0.9838872104733132
    },
    "4": {
      "0": 0.4340425531914894,
      "1": 0.25857002938295787,
      "2": 0.24439701173959444,
      "3": 0.6289023162134945,
      "4": 0.9319213313161876
    }
  }
}