{
  "final_avg_class_il": 0.2900320623099647,
  "bwt": -0.8799555379014419,
  "forgetting": {
    "0": 0.9995271867612293,
    "1": 0.9911851126346719,
    "2": 0.9268943436499467,
    "3": 0.6022155085599195,
    "4": 0.0
  },
  "task_il_per_task": {
    "0": {
      "0": 0.9995271867612293
    },
    "1": {
      "0": 0.9995271867612293,
      "1": 0.9911851126346719
    },
    "2": {
      "0": 0.9995271867612293,
      "1": 0.980411361410382,
      "2": 0.9994663820704376
    },
    "3": {
      "0": 0.9995271867612293,
      "1": 0.9882468168462292,
      "2": 0.9983991462113126,
      "3": 1.0
    },
    "4": {
      "0": 0.9995271867612293,
      "1": 0.9862879529872673,
      "2": 0.9983991462113126,
      "3": 0.998992950654582,
      "4": 0.9899142713061019
    }
  },
  "class_il_per_task": {
    "0": {
      "0": 0.9995271867612293
    },
    "1": {
      "0": 0.0,
      "1": 0.9911851126346719
    },
    "2": {
      "0": 0.0,
      "1": 0.13173359451518118,
      "2": 0.9989327641408752
    },
    "3": {
      "0": 0.0,
      "1": 0.029382957884427033,
      "2": 0.5805763073639274,
      "3": 0.9969788519637462
    },
    "4": {
      "0": 0.0,
      "1": 0.0,
      "2": 0.0720384204909285,
      "3": 0.3947633434038268,
      "4": 0.983358547655068
    }
  }
}