{
  "final_avg_class_il": 0.40238663078577075,
  "bwt": -0.6302845482861106,
  "forgetting": {
    "0": 0.726241134751773,
    "1": 0.6929480901077375,
    "2": 0.5667022411953042,
    "3": 0.5352467270896275,
    "4": 0.0
  },
  "task_il_per_task": {
    "0": {
      "0": 0.9990543735224586
    },
    "1": {
      "0": 0.9796690307328605,
      "1": 0.9701273261508325
    },
    "2": {
      "0": 0.893144208037825,
      "1": 0.8834476003917727,
      "2": 0.8735325506937033
    },
    "3": {
      "0": 0.9929078014184397,
      "1": 0.881488736532811,
      "2": 0.772145144076841,
      "3": 0.9974823766364552
    },
    "4": {
      "0": 0.9976359338061466,
      "1": 0.9534769833496572,
      "2": 0.9130202774813234,
      "3": 0.9526686807653575,
      "4": 0.9747856782652546
    }
  },
  "class_il_per_task": {
    "0": {
      "0": 0.9990543735224586
    },
    "1": {
      "0": 0.383451536643026,
      "1": 0.9079333986287953
    },
    "2": {
      "0": 0.16926713947990543,
      "1": 0.24387855044074436,
      "2": 0.8009605122732124
    },
    "3": {
      "0": 0.22695035460992907,
      "1": 0.17189030362389815,
      "2": 0.580042689434365,
      "3": 0.9269889224572004
    },
    "4": {
      "0": 0.2728132387706856,
      "1": 0.2149853085210578,
      "2": 0.23425827107790823,
      "3": 0.391742195367573,
      "4": 0.8981341401916288
    }
  }
}