{
  "final_avg_class_il": 0.46212434789371787,
  "bwt": -0.5705348032394091,
  "forgetting": {
    "0": 0.5361702127659574,
    "1": 0.6601371204701274,
    "2": 0.49519743863393806,
    "3": 0.5906344410876133,
    "4": 0.0
  },
  "task_il_per_task": {
    "0": {
      "0": 0.9990543735224586
    },
    "1": {
      "0": 0.9768321513002364,
      "1": 0.9427032321253673
    },
    "2": {
      "0": 0.9806146572104019,
      "1": 0.8947110675808031,
      "2": 0.9589114194236926
    },
    "3": {
      "0": 0.9957446808510638,
      "1": 0.954456415279138,
      "2": 0.8575240128068303,
      "3": 0.998992950654582
    },
    "4": {
      "0": 0.9976359338061466,
      "1": 0.8192948090107738,
      "2": 0.8906083244397012,
      "3": 0.9798590130916415,
      "4": 0.9662128088754413
    }
  },
  "class_il_per_task": {
    "0": {
      "0": 0.9990543735224586
    },
    "1": {
      "0": 0.24491725768321512,
      "1": 0.89128305582762
    },
    "2": {
      "0": 0.3574468085106383,
      "1": 0.2580803134182174,
      "2": 0.7966915688367129
    },
    "3": {
      "0": 0.4425531914893617,
      "1": 0.42066601371204704,
      "2": 0.5154749199573105,
      "3": 0.9778449144008057
    },
    "4": {
      "0": 0.4628841607565012,
      "1": 0.23114593535749264,
      "2": 0.3014941302027748,
      "3": 0.38721047331319236,
      "4": 0.9278870398386283
    }
  }
}