{
  "final_avg_class_il": 0.40677822607419767,
  "bwt": -0.609720349391129,
  "forgetting": {
    "0": 0.5602836879432624,
    "1": 0.5220372184133203,
    "2": 0.7065101387406617,
    "3": 0.6500503524672709,
    "4": 0.0
  },
  "task_il_per_task": {
    "0": {
      "0": 0.9990543735224586
    },
    "1": {
      "0": 0.9068557919621749,
      "1": 0.9074436826640548
    },
    "2": {
      "0": 0.9943262411347518,
      "1": 0.7962781586679726,
      "2": 0.9701173959445037
    },
    "3": {
      "0": 0.9957446808510638,
      "1": 0.8643486777668952,
      "2": 0.8922091782283885,
      "3": 0.9979859013091642
    },
    "4": {
      "0": 0.9981087470449173,
      "1": 0.7683643486777669,
      "2": 0.9402347918890075,
      "3": 0.8368580060422961,
      "4": 0.9646999495713565
    }
  },
  "class_il_per_task": {
    "0": {
      "0": 0.9990543735224586
    },
    "1": {
      "0": 0.4955082742316785,
      "1": 0.7174338883447601
    },
    "2": {
      "0": 0.6742316784869976,
      "1": 0.2615083251714006,
      "2": 0.9050160085378869
    },
    "3": {
      "0": 0.4524822695035461,
      "1": 0.4089128305582762,
      "2": 0.48452508004268946,
      "3": 0.9783484390735147
    },
    "4": {
      "0": 0.43877068557919624,
      "1": 0.19539666993143975,
      "2": 0.19850586979722518,
      "3": 0.3282980866062437,
      "4": 0.8729198184568835
    }
  }
}