{
  "final_avg_class_il": 0.43019931087165847,
  "bwt": -0.6571348763404681,
  "forgetting": {
    "0": 0.658628841607565,
    "1": 0.5940254652301665,
    "2": 0.7545357524012807,
    "3": 0.6213494461228601,
    "4": 0.0
  },
  "task_il_per_task": {
    "0": {
      "0": 0.9971631205673759
    },
    "1": {
      "0": 0.9711583924349881,
      "1": 0.975024485798237
    },
    "2": {
      "0": 0.91725768321513,
      "1": 0.9618021547502449,
      "2": 0.9813233724653149
    },
    "3": {
      "0": 0.9919621749408983,
      "1": 0.8903036238981391,
      "2": 0.9871931696905016,
      "3": 0.9954682779456193
    },
    "4": {
      "0": 0.9971631205673759,
      "1": 0.9627815866797258,
      "2": 0.9845250800426895,
      "3": 0.9979859013091642,
      "4": 0.9520927887039838
    }
  },
  "class_il_per_task": {
    "0": {
      "0": 0.9971631205673759
    },
    "1": {
      "0": 0.28037825059101656,
      "1": 0.9618021547502449
    },
    "2": {
      "0": 0.16453900709219857,
      "1": 0.21939275220372184,
      "2": 0.9461045891141943
    },
    "3": {
      "0": 0.4444444444444444,
      "1": 0.4147894221351616,
      "2": 0.7347918890074706,
      "3": 0.9778449144008057
    },
    "4": {
      "0": 0.33853427895981086,
      "1": 0.36777668952007836,
      "2": 0.19156883671291355,
      "3": 0.3564954682779456,
      "4": 0.8966212808875441
    }
  }
}