{
  "final_avg_class_il": 0.2902267283497785,
  "bwt": -0.8791797777038307,
  "forgetting": {
    "0": 0.9995271867612293,
    "1": 0.9921645445641528,
    "2": 0.8991462113127001,
    "3": 0.6258811681772407,
    "4": 0.0
  },
  "task_il_per_task": {
    "0": {
      "0": 0.9995271867612293
    },
    "1": {
      "0": 0.9995271867612293,
      "1": 0.9921645445641528
    },
    "2": {
      "0": 0.9995271867612293,
      "1": 0.9833496571988247,
      "2": 0.9989327641408752
    },
    "3": {
      "0": 0.9995271867612293,
      "1": 0.9857982370225269,
      "2": 0.9983991462113126,
      "3": 0.999496475327291
    },
    "4": {
      "0": 0.9990543735224586,
      "1": 0.9862879529872673,
      "2": 0.9978655282817502,
      "3": 0.9979859013091642,
      "4": 0.989409984871407
    }
  },
  "class_il_per_task": {
    "0": {
      "0": 0.9995271867612293
    },
    "1": {
      "0": 0.024113475177304965,
      "1": 0.9921645445641528
    },
    "2": {
      "0": 0.004728132387706856,
      "1": 0.17384916748285995,
      "2": 0.9973319103521878
    },
    "3": {
      "0": 0.0014184397163120568,
      "1": 0.023506366307541625,
      "2": 0.6606189967982924,
      "3": 0.9939577039274925
    },
    "4": {
      "0": 0.0,
      "1": 0.0,
      "2": 0.09818569903948772,
      "3": 0.3680765357502518,
      "4": 0.9848714069591528
    }
  }
}