{
  "final_avg_class_il": 0.2769451320369367,
  "bwt": -0.8951764965967164,
  "forgetting": {
    "0": 0.9990543735224586,
    "1": 0.9887365328109696,
    "2": 0.9332977588046958,
    "3": 0.6596173212487412,
    "4": 0.0
  },
  "task_il_per_task": {
    "0": {
      "0": 0.9990543735224586
    },
    "1": {
      "0": 0.9990543735224586,
      "1": 0.9897159647404505
    },
    "2": {
      "0": 0.9990543735224586,
      "1": 0.984818805093046,
      "2": 0.9983991462113126
    },
    "3": {
      "0": 0.9990543735224586,
      "1": 0.9799216454456415,
      "2": 0.9973319103521878,
      "3": 1.0
    },
    "4": {
      "0": 0.9990543735224586,
      "1": 0.9838393731635652,
      "2": 0.9978655282817502,
      "3": 0.9979859013091642,
      "4": 0.9899142713061019
    }
  },
  "class_il_per_task": {
    "0": {
      "0": 0.9990543735224586
    },
    "1": {
      "0": 0.4482269503546099,
      "1": 0.9887365328109696
    },
    "2": {
      "0": 0.12955082742316784,
      "1": 0.2149853085210578,
      "2": 0.9967982924226254
    },
    "3": {
      "0": 0.012293144208037825,
      "1": 0.03232125367286973,
      "2": 0.5704375667022412,
      "3": 0.9964753272910373
    },
    "4": {
      "0": 0.0,
      "1": 0.0,
      "2": 0.06350053361792957,
      "3": 0.3368580060422961,
      "4": 0.9843671205244579
    }
  }
}