{
  "final_avg_class_il": 0.1701,
  "bwt": -0.7515000000000001,
  "forgetting": {
    "0": 0.852,
    "1": 0.7145,
    "2": 0.6849999999999999,
    "3": 0.7545000000000001,
    "4": 0.0
  },
  "task_il_per_task": {
    "0": {
      "0": 0.9605
    },
    "1": {
      "0": 0.813,
      "1": 0.8295
    },
    "2": {
      "0": 0.7475,
      "1": 0.749,
      "2": 0.7315
    },
    "3": {
      "0": 0.8125,
      "1": 0.7265,
      "2": 0.5495,
      "3": 0.9155
    },
    "4": {
      "0": 0.9015,
      "1": 0.777,
      "2": 0.571,
      "3": 0.6005,
      "4": 0.7365
    }
  },
  "class_il_per_task": {
    "0": {
      "0": 0.9605
    },
    "1": {
      "0": 0.327,
      "1": 0.7375
    },
    "2": {
      "0": 0.2815,
      "1": 0.0475,
      "2": 0.688
    },
    "3": {
      "0": 0.221,
      "1": 0.047,
      "2": 0.092,
      "3": 0.793
    },
    "4": {
      "0": 0.1085,
      "1": 0.023,
      "2": 0.003,
      "3": 0.0385,
      "4": 0.6775
    }
  }
}