{
  "final_avg_class_il": 0.3792228502753977,
  "bwt": -0.7678114938104276,
  "forgetting": {
    "0": 0.8113475177304965,
    "1": 0.8731635651322233,
    "2": 0.9647812166488795,
    "3": 0.4219536757301108,
    "4": 0.0
  },
  "task_il_per_task": {
    "0": {
      "0": 0.9990543735224586
    },
    "1": {
      "0": 0.9990543735224586,
      "1": 0.9921645445641528
    },
    "2": {
      "0": 0.9990543735224586,
      "1": 0.990205680705191,
      "2": 0.9967982924226254
    },
    "3": {
      "0": 0.9990543735224586,
      "1": 0.9882468168462292,
      "2": 0.9951974386339381,
      "3": 0.9979859013091642
    },
    "4": {
      "0": 0.9990543735224586,
      "1": 0.9838393731635652,
      "2": 0.9957310565635006,
      "3": 0.9979859013091642,
      "4": 0.9858799798285426
    }
  },
  "class_il_per_task": {
    "0": {
      "0": 0.9990543735224586
    },
    "1": {
      "0": 0.6397163120567376,
      "1": 0.9897159647404505
    },
    "2": {
      "0": 0.7054373522458629,
      "1": 0.5871694417238001,
      "2": 0.9957310565635006
    },
    "3": {
      "0": 0.44302600472813236,
      "1": 0.3785504407443683,
      "2": 0.6536819637139808,
      "3": 0.9969788519637462
    },
    "4": {
      "0": 0.18770685579196217,
      "1": 0.11655239960822723,
      "2": 0.030949839914621132,
      "3": 0.5750251762336355,
      "4": 0.9858799798285426
    }
  }
}