{
  "final_avg_class_il": 0.268714107769055,
  "bwt": -0.9067115653501081,
  "forgetting": {
    "0": 0.9990543735224586,
    "1": 0.9897159647404505,
    "2": 0.9573105656350054,
    "3": 0.6807653575025177,
    "4": 0.0
  },
  "task_il_per_task": {
    "0": {
      "0": 0.9990543735224586
    },
    "1": {
      "0": 0.9990543735224586,
      "1": 0.9926542605288933
    },
    "2": {
      "0": 0.9990543735224586,
      "1": 0.9862879529872673,
      "2": 0.9967982924226254
    },
    "3": {
      "0": 0.9990543735224586,
      "1": 0.9833496571988247,
      "2": 0.9967982924226254,
      "3": 0.998992950654582
    },
    "4": {
      "0": 0.9990543735224586,
      "1": 0.984818805093046,
      "2": 0.9973319103521878,
      "3": 0.9979859013091642,
      "4": 0.9904185577407968
    }
  },
  "class_il_per_task": {
    "0": {
      "0": 0.9990543735224586
    },
    "1": {
      "0": 0.30591016548463357,
      "1": 0.9897159647404505
    },
    "2": {
      "0": 0.03404255319148936,
      "1": 0.19686581782566112,
      "2": 0.996264674493063
    },
    "3": {
      "0": 0.00047281323877068556,
      "1": 0.030362389813907934,
      "2": 0.5683030949839915,
      "3": 0.9959718026183283
    },
    "4": {
      "0": 0.0,
      "1": 0.0,
      "2": 0.03895410885805763,
      "3": 0.3152064451158107,
      "4": 0.989409984871407
    }
  }
}