{
  "final_avg_class_il": 0.39520344927888273,
  "bwt": -0.7334359397743497,
  "forgetting": {
    "0": 0.825531914893617,
    "1": 0.915279138099902,
    "2": 0.6264674493062967,
    "3": 0.5664652567975832,
    "4": 0.0
  },
  "task_il_per_task": {
    "0": {
      "0": 0.9990543735224586
    },
    "1": {
      "0": 0.9990543735224586,
      "1": 0.9887365328109696
    },
    "2": {
      "0": 0.9990543735224586,
      "1": 0.9843290891283056,
      "2": 0.9978655282817502
    },
    "3": {
      "0": 0.9990543735224586,
      "1": 0.9818805093046034,
      "2": 0.9973319103521878,
      "3": 0.999496475327291
    },
    "4": {
      "0": 0.9990543735224586,
      "1": 0.9833496571988247,
      "2": 0.9967982924226254,
      "3": 0.9969788519637462,
      "4": 0.9868885526979324
    }
  },
  "class_il_per_task": {
    "0": {
      "0": 0.9990543735224586
    },
    "1": {
      "0": 0.440661938534279,
      "1": 0.9862879529872673
    },
    "2": {
      "0": 0.2524822695035461,
      "1": 0.3633692458374143,
      "2": 0.991462113127001
    },
    "3": {
      "0": 0.1475177304964539,
      "1": 0.277179236043095,
      "2": 0.7118463180362861,
      "3": 0.9823766364551864
    },
    "4": {
      "0": 0.1735224586288416,
      "1": 0.07100881488736532,
      "2": 0.3649946638207044,
      "3": 0.4159113796576032,
      "4": 0.9505799293998991
    }
  }
}