{
  "final_avg_class_il": 0.25901949190553586,
  "bwt": -0.9112197553365945,
  "forgetting": {
    "0": 0.9990543735224586,
    "1": 0.9813907933398629,
    "2": 0.9871931696905016,
    "3": 0.6772406847935549,
    "4": 0.0
  },
  "task_il_per_task": {
    "0": {
      "0": 0.9990543735224586
    },
    "1": {
      "0": 0.9976359338061466,
      "1": 0.9818805093046034
    },
    "2": {
      "0": 0.9995271867612293,
      "1": 0.9774730656219393,
      "2": 0.9882604055496265
    },
    "3": {
      "0": 0.9995271867612293,
      "1": 0.9789422135161606,
      "2": 0.9802561366061899,
      "3": 0.9919436052366566
    },
    "4": {
      "0": 0.9981087470449173,
      "1": 0.9779627815866797,
      "2": 0.9759871931696905,
      "3": 0.9894259818731118,
      "4": 0.983358547655068
    }
  },
  "class_il_per_task": {
    "0": {
      "0": 0.9990543735224586
    },
    "1": {
      "0": 0.05531914893617021,
      "1": 0.9813907933398629
    },
    "2": {
      "0": 0.0037825059101654845,
      "1": 0.06562193927522038,
      "2": 0.9882604055496265
    },
    "3": {
      "0": 0.0,
      "1": 0.0068560235063663075,
      "2": 0.29562433297758806,
      "3": 0.9899295065458208
    },
    "4": {
      "0": 0.0,
      "1": 0.0,
      "2": 0.0010672358591248667,
      "3": 0.31268882175226587,
      "4": 0.9813414019162885
    }
  }
}