{
  "final_avg_class_il": 0.3415116405071826,
  "bwt": -0.8087748773525933,
  "forgetting": {
    "0": 0.9560283687943263,
    "1": 0.9813907933398629,
    "2": 0.7427961579509073,
    "3": 0.5548841893252769,
    "4": 0.0
  },
  "task_il_per_task": {
    "0": {
      "0": 0.9990543735224586
    },
    "1": {
      "0": 0.9990543735224586,
      "1": 0.990205680705191
    },
    "2": {
      "0": 0.9990543735224586,
      "1": 0.984818805093046,
      "2": 0.9983991462113126
    },
    "3": {
      "0": 0.9990543735224586,
      "1": 0.9853085210577864,
      "2": 0.9951974386339381,
      "3": 0.998992950654582
    },
    "4": {
      "0": 0.9990543735224586,
      "1": 0.9789422135161606,
      "2": 0.9951974386339381,
      "3": 0.9949647532729103,
      "4": 0.9914271306101866
    }
  },
  "class_il_per_task": {
    "0": {
      "0": 0.9990543735224586
    },
    "1": {
      "0": 0.0983451536643026,
      "1": 0.990205680705191
    },
    "2": {
      "0": 0.03687943262411347,
      "1": 0.23016650342801176,
      "2": 0.9957310565635006
    },
    "3": {
      "0": 0.003309692671394799,
      "1": 0.20127326150832517,
      "2": 0.7481323372465315,
      "3": 0.9823766364551864
    },
    "4": {
      "0": 0.04302600472813239,
      "1": 0.00881488736532811,
      "2": 0.2529348986125934,
      "3": 0.42749244712990936,
      "4": 0.9752899646999496
    }
  }
}