{
  "final_avg_class_il": 0.45500189387671464,
  "bwt": -0.5743157878885893,
  "forgetting": {
    "0": 0.5451536643026005,
    "1": 0.7306562193927522,
    "2": 0.5768409818569904,
    "3": 0.4446122860020141,
    "4": 0.0
  },
  "task_il_per_task": {
    "0": {
      "0": 0.9990543735224586
    },
    "1": {
      "0": 0.9749408983451536,
      "1": 0.9588638589618022
    },
    "2": {
      "0": 0.8969267139479905,
      "1": 0.8418217433888345,
      "2": 0.9909284951974386
    },
    "3": {
      "0": 0.9938534278959811,
      "1": 0.9417238001958864,
      "2": 0.9535752401280683,
      "3": 0.9944612286002014
    },
    "4": {
      "0": 0.9976359338061466,
      "1": 0.8001958863858962,
      "2": 0.9738527214514408,
      "3": 0.9224572004028198,
      "4": 0.9778113968734241
    }
  },
  "class_il_per_task": {
    "0": {
      "0": 0.9990543735224586
    },
    "1": {
      "0": 0.25957446808510637,
      "1": 0.8667972575905974
    },
    "2": {
      "0": 0.5782505910165484,
      "1": 0.14593535749265427,
      "2": 0.8143009605122732
    },
    "3": {
      "0": 0.451063829787234,
      "1": 0.3932419196865818,
      "2": 0.528281750266809,
      "3": 0.9753272910372608
    },
    "4": {
      "0": 0.45390070921985815,
      "1": 0.13614103819784526,
      "2": 0.23745997865528282,
      "3": 0.5307150050352467,
      "4": 0.9167927382753404
    }
  }
}