{
  "final_avg_class_il": 0.2810080156780066,
  "bwt": -0.8868427312217446,
  "forgetting": {
    "0": 0.9342789598108747,
    "1": 0.9867776689520078,
    "2": 0.9541088580576307,
    "3": 0.6722054380664653,
    "4": 0.0
  },
  "task_il_per_task": {
    "0": {
      "0": 0.9995271867612293
    },
    "1": {
      "0": 0.9990543735224586,
      "1": 0.9916748285994124
    },
    "2": {
      "0": 0.9995271867612293,
      "1": 0.9549461312438785,
      "2": 0.9989327641408752
    },
    "3": {
      "0": 0.9995271867612293,
      "1": 0.9823702252693438,
      "2": 0.9957310565635006,
      "3": 0.9984894259818731
    },
    "4": {
      "0": 0.9990543735224586,
      "1": 0.9485798237022527,
      "2": 0.9946638207043756,
      "3": 0.9853977844914401,
      "4": 0.9808371154815936
    }
  },
  "class_il_per_task": {
    "0": {
      "0": 0.9995271867612293
    },
    "1": {
      "0": 0.48557919621749407,
      "1": 0.9867776689520078
    },
    "2": {
      "0": 0.16501182033096926,
      "1": 0.06415279138099902,
      "2": 0.9978655282817502
    },
    "3": {
      "0": 0.12671394799054372,
      "1": 0.002448579823702253,
      "2": 0.5912486659551761,
      "3": 0.9929506545820745
    },
    "4": {
      "0": 0.06524822695035461,
      "1": 0.0,
      "2": 0.04375667022411953,
      "3": 0.3207452165156093,
      "4": 0.9752899646999496
    }
  }
}