{
  "final_avg_class_il": 0.2332871258431012,
  "bwt": -0.9522805074399479,
  "forgetting": {
    "0": 0.9990543735224586,
    "1": 0.9892262487757101,
    "2": 0.9749199573105656,
    "3": 0.8459214501510574,
    "4": 0.0
  },
  "task_il_per_task": {
    "0": {
      "0": 0.9990543735224586
    },
    "1": {
      "0": 0.9990543735224586,
      "1": 0.9892262487757101
    },
    "2": {
      "0": 0.9990543735224586,
      "1": 0.9764936336924583,
      "2": 0.9983991462113126
    },
    "3": {
      "0": 0.9990543735224586,
      "1": 0.9818805093046034,
      "2": 0.9983991462113126,
      "3": 0.999496475327291
    },
    "4": {
      "0": 0.9990543735224586,
      "1": 0.9838393731635652,
      "2": 0.9973319103521878,
      "3": 0.9949647532729103,
      "4": 0.9904185577407968
    }
  },
  "class_il_per_task": {
    "0": {
      "0": 0.9990543735224586
    },
    "1": {
      "0": 0.061465721040189124,
      "1": 0.9892262487757101
    },
    "2": {
      "0": 0.011347517730496455,
      "1": 0.10528893241919686,
      "2": 0.9978655282817502
    },
    "3": {
      "0": 0.0,
      "1": 0.14887365328109697,
      "2": 0.4087513340448239,
      "3": 0.998992950654582
    },
    "4": {
      "0": 0.0,
      "1": 0.0,
      "2": 0.02294557097118463,
      "3": 0.15307150050352467,
      "4": 0.9904185577407968
    }
  }
}