{
  "final_avg_class_il": 0.19808371154815935,
  "bwt": -0.9789823021796524,
  "forgetting": {
    "0": 0.9995271867612293,
    "1": 0.9226248775710089,
    "2": 0.9967982924226254,
    "3": 0.9969788519637462,
    "4": 0.0
  },
  "task_il_per_task": {
    "0": {
      "0": 0.9995271867612293
    },
    "1": {
      "0": 0.5366430260047281,
      "1": 0.9931439764936337
    },
    "2": {
      "0": 0.5366430260047281,
      "1": 0.8579823702252694,
      "2": 0.9967982924226254
    },
    "3": {
      "0": 0.5366430260047281,
      "1": 0.7796278158667973,
      "2": 0.932230522945571,
      "3": 0.9969788519637462
    },
    "4": {
      "0": 0.5366430260047281,
      "1": 0.618511263467189,
      "2": 0.9391675560298826,
      "3": 0.7849949647532729,
      "4": 0.9904185577407968
    }
  },
  "class_il_per_task": {
    "0": {
      "0": 0.9995271867612293
    },
    "1": {
      "0": 0.5224586288416075,
      "1": 0.9226248775710089
    },
    "2": {
      "0": 0.0,
      "1": 0.007835455435847209,
      "2": 0.9967982924226254
    },
    "3": {
      "0": 0.0,
      "1": 0.0,
      "2": 0.0,
      "3": 0.9969788519637462
    },
    "4": {
      "0": 0.0,
      "1": 0.0,
      "2": 0.0,
      "3": 0.0,
      "4": 0.9904185577407968
    }
  }
}