{
  "final_avg_class_il": 0.5019696186251273,
  "bwt": -0.49915560409390186,
  "forgetting": {
    "0": 0.5508274231678487,
    "1": 0.6998041136141038,
    "2": 0.5048025613660619,
    "3": 0.24118831822759312,
    "4": 0.0
  },
  "task_il_per_task": {
    "0": {
      "0": 0.9990543735224586
    },
    "1": {
      "0": 0.9825059101654846,
      "1": 0.9378060724779628
    },
    "2": {
      "0": 0.9952718676122931,
      "1": 0.8805093046033301,
      "2": 0.948239060832444
    },
    "3": {
      "0": 0.9952718676122931,
      "1": 0.9074436826640548,
      "2": 0.8751334044823906,
      "3": 0.9949647532729103
    },
    "4": {
      "0": 0.9985815602836879,
      "1": 0.7507345739471106,
      "2": 0.9082177161152615,
      "3": 0.9944612286002014,
      "4": 0.9717599596570852
    }
  },
  "class_il_per_task": {
    "0": {
      "0": 0.9990543735224586
    },
    "1": {
      "0": 0.275177304964539,
      "1": 0.8550440744368266
    },
    "2": {
      "0": 0.6094562647754137,
      "1": 0.44417238001958864,
      "2": 0.812700106723586
    },
    "3": {
      "0": 0.7111111111111111,
      "1": 0.42458374142997063,
      "2": 0.48612593383137676,
      "3": 0.9768378650553877
    },
    "4": {
      "0": 0.4482269503546099,
      "1": 0.15523996082272282,
      "2": 0.307897545357524,
      "3": 0.7356495468277946,
      "4": 0.8628340897629854
    }
  }
}